{"cameraMode":{"drawMode":0,"name":"Shaded","section":"Shading Mode"},"sceneLighting":true,"audioPlay":false,"sceneViewState":{"showFog":true,"showMaterialUpdate":false,"showSkybox":true,"showFlares":true,"showImageEffects":true,"showParticleSystems":true,"showVisualEffectGraphs":true,"m_FxEnabled":true},"in2DMode":false,"pivot":{"x":61.53938293457031,"y":267.9269104003906,"z":-6.9354400634765629},"rotation":{"x":-0.023475706577301027,"y":0.007227521389722824,"z":0.007964114658534527,"w":-1.0007601976394654},"size":51.25302505493164,"orthographic":false}