{"cameraMode":{"drawMode":0,"name":"Shaded","section":"Shading Mode"},"sceneLighting":true,"audioPlay":false,"sceneViewState":{"showFog":true,"showMaterialUpdate":false,"showSkybox":true,"showFlares":true,"showImageEffects":true,"showParticleSystems":true,"showVisualEffectGraphs":true,"m_FxEnabled":true},"in2DMode":false,"pivot":{"x":-0.34808847308158877,"y":-0.396575927734375,"z":9.603562355041504},"rotation":{"x":-0.7024602890014648,"y":-0.00018865372112486511,"z":0.015596911311149598,"w":-0.7132468819618225},"size":12.570154190063477,"orthographic":false}