{"cameraMode":{"drawMode":0,"name":"Shaded","section":"Shading Mode"},"sceneLighting":true,"audioPlay":false,"sceneViewState":{"showFog":true,"showMaterialUpdate":false,"showSkybox":true,"showFlares":true,"showImageEffects":true,"showParticleSystems":true,"showVisualEffectGraphs":true,"m_FxEnabled":true},"in2DMode":false,"pivot":{"x":191.5995635986328,"y":264.7664489746094,"z":-344.1489562988281},"rotation":{"x":0.011400417424738408,"y":-0.003317910712212324,"z":-0.000013717105503019411,"w":1.000043511390686},"size":281.1669006347656,"orthographic":true}