{"cameraMode":{"drawMode":0,"name":"Shaded","section":"Shading Mode"},"sceneLighting":true,"audioPlay":false,"sceneViewState":{"showFog":true,"showMaterialUpdate":false,"showSkybox":true,"showFlares":true,"showImageEffects":true,"showParticleSystems":true,"showVisualEffectGraphs":true,"m_FxEnabled":true},"in2DMode":false,"pivot":{"x":28.58005142211914,"y":202.3606414794922,"z":54.086181640625},"rotation":{"x":0.026394469663500787,"y":0.016176629811525346,"z":-0.0011275338474661112,"w":1.0000027418136597},"size":158.7248077392578,"orthographic":false}