{"cameraMode":{"drawMode":0,"name":"Shaded","section":"Shading Mode"},"sceneLighting":true,"audioPlay":false,"sceneViewState":{"showFog":true,"showMaterialUpdate":false,"showSkybox":true,"showFlares":true,"showImageEffects":true,"showParticleSystems":true,"showVisualEffectGraphs":true,"m_FxEnabled":true},"in2DMode":false,"pivot":{"x":-1.3000373840332032,"y":0.25000011920928957,"z":36.26823043823242},"rotation":{"x":0.26346084475517275,"y":-0.3115948736667633,"z":0.0798402652144432,"w":0.9108127951622009},"size":0.43301647901535036,"orthographic":false}