{"cameraMode":{"drawMode":0,"name":"Shaded","section":"Shading Mode"},"sceneLighting":false,"audioPlay":false,"sceneViewState":{"showFog":true,"showMaterialUpdate":false,"showSkybox":false,"showFlares":true,"showImageEffects":true,"showParticleSystems":true,"showVisualEffectGraphs":true,"m_FxEnabled":true},"in2DMode":false,"pivot":{"x":-0.8627039790153503,"y":-1.9110419750213624,"z":-2.6004631519317629},"rotation":{"x":-0.13004721701145173,"y":-0.45911934971809389,"z":0.06956078857183457,"w":-0.8769267201423645},"size":14.973798751831055,"orthographic":true}