{"cameraMode":{"drawMode":0,"name":"Shaded","section":"Shading Mode"},"sceneLighting":true,"audioPlay":false,"sceneViewState":{"showFog":true,"showMaterialUpdate":false,"showSkybox":true,"showFlares":true,"showImageEffects":true,"showParticleSystems":true,"showVisualEffectGraphs":true,"m_FxEnabled":true},"in2DMode":false,"pivot":{"x":-2.9142990112304689,"y":5.3911285400390629,"z":-23.665180206298829},"rotation":{"x":0.15261699259281159,"y":0.22814702987670899,"z":-0.03621944785118103,"w":0.9609450101852417},"size":6.879844665527344,"orthographic":true}